customer_id,age,sex,job,housing,saving_accounts,checking_account,credit_amount,duration,purpose,risk_score,risk_level
1,67,1,2,2,0,1,1169,6,radio/TV,41,Medium-low risk
2,22,0,2,2,1,2,5951,48,radio/TV,61,Medium-high risk
3,49,1,1,2,1,0,2096,12,education,49,Medium-low risk
4,45,1,2,1,1,1,7882,42,furniture/equipment,62,Medium-high risk
5,53,1,2,1,1,1,4870,24,car,52,Medium-high risk
6,35,1,1,1,0,0,9055,36,education,75,High risk
7,53,1,2,2,3,0,2835,24,furniture/equipment,43,Medium-low risk
8,35,1,3,0,1,2,6948,36,car,54,Medium-high risk
9,61,1,1,2,4,0,3059,12,radio/TV,43,Medium-low risk
10,28,1,3,2,1,2,5234,30,car,49,Medium-low risk
11,25,0,2,0,1,2,1295,12,car,43,Medium-low risk
12,24,0,2,0,1,1,4308,48,business,77,High risk
13,22,0,2,2,1,2,1567,12,radio/TV,36,Medium-low risk
14,60,1,1,2,1,1,1199,24,car,47,Medium-low risk
15,28,0,2,0,1,1,1403,15,car,52,Medium-high risk
16,32,0,1,2,2,1,1282,24,radio/TV,37,Medium-low risk
17,53,1,2,2,0,0,2424,24,radio/TV,48,Medium-low risk
18,25,1,2,2,0,1,8072,30,business,68,Medium-high risk
19,44,0,3,1,1,2,12579,24,car,49,Medium-low risk
20,31,1,2,2,3,0,3430,24,radio/TV,36,Medium-low risk
21,48,1,2,2,1,0,2134,9,car,39,Medium-low risk
22,44,1,2,0,3,1,2647,6,radio/TV,39,Medium-low risk
23,48,1,1,0,1,1,2241,10,car,52,Medium-high risk
24,44,1,2,2,2,2,1804,12,car,25,Low risk
25,26,1,2,2,0,0,2069,10,furniture/equipment,45,Medium-low risk
26,36,1,1,2,1,1,1374,6,furniture/equipment,37,Medium-low risk
27,39,1,1,2,1,0,426,6,radio/TV,37,Medium-low risk
28,42,0,2,0,4,3,409,12,radio/TV,23,Low risk
29,34,1,2,2,1,2,2415,7,radio/TV,31,Medium-low risk
30,63,1,2,2,1,1,6836,60,business,72,High risk
31,36,1,2,2,4,2,1913,18,business,29,Low risk
32,27,1,2,2,1,1,4020,24,furniture/equipment,47,Medium-low risk
33,30,1,2,2,2,2,5866,18,car,40,Medium-low risk
34,57,1,1,0,0,0,1264,12,business,60,Medium-high risk
35,33,0,3,2,1,3,1474,12,furniture/equipment,20,Low risk
36,25,1,1,2,1,2,4746,45,radio/TV,56,Medium-high risk
37,31,1,2,1,1,0,6110,48,education,69,Medium-high risk
38,37,1,2,2,1,3,2100,18,radio/TV,32,Medium-low risk
39,37,1,2,2,1,3,1225,10,domestic appliances,22,Low risk
40,24,1,2,2,1,2,458,9,radio/TV,36,Medium-low risk
41,30,1,3,2,3,0,2333,30,radio/TV,37,Medium-low risk
42,26,1,2,2,3,2,1158,12,radio/TV,25,Low risk
43,44,1,1,2,1,2,6204,18,repairs,46,Medium-low risk
44,24,1,2,0,2,1,6187,30,car,69,Medium-high risk
45,58,0,1,1,1,1,6143,48,car,72,High risk
46,35,0,3,2,1,0,1393,11,car,30,Medium-low risk
47,39,1,2,2,3,0,2299,36,radio/TV,41,Medium-low risk
48,23,0,0,0,3,1,1352,6,car,56,Medium-high risk
49,39,1,1,2,1,0,7228,11,car,49,Medium-low risk
50,28,0,2,2,2,0,2073,12,radio/TV,39,Medium-low risk
51,29,1,1,2,0,2,2333,24,furniture/equipment,49,Medium-low risk
52,30,1,3,2,1,2,5965,27,car,44,Medium-low risk
53,25,1,2,2,1,0,1262,12,radio/TV,37,Medium-low risk
54,31,1,2,2,0,0,3378,18,car,45,Medium-low risk
55,57,1,2,1,1,2,2225,36,car,53,Medium-high risk
56,26,1,1,2,0,0,783,6,car,45,Medium-low risk
57,52,1,3,2,0,2,6468,12,radio/TV,38,Medium-low risk
58,31,0,2,2,1,0,9566,36,radio/TV,57,Medium-high risk
59,23,0,3,2,1,3,1961,18,car,35,Medium-low risk
60,23,0,1,0,1,1,6229,36,furniture/equipment,77,High risk
61,27,1,2,2,1,2,1391,9,business,38,Medium-low risk
62,50,1,2,2,0,2,1537,15,radio/TV,32,Medium-low risk
63,61,1,3,1,1,2,1953,36,business,54,Medium-high risk
64,25,1,2,2,1,2,14421,48,business,68,Medium-high risk
65,26,0,2,2,1,0,3181,24,radio/TV,47,Medium-low risk
66,48,1,2,2,0,0,5190,27,repairs,53,Medium-high risk
67,29,0,2,2,1,0,2171,12,radio/TV,42,Medium-low risk
68,22,1,2,2,4,2,1007,12,car,29,Low risk
69,37,1,2,1,1,0,1819,36,education,54,Medium-high risk
70,25,0,2,2,0,0,2394,36,radio/TV,53,Medium-high risk
71,30,0,2,2,1,0,8133,36,car,59,Medium-high risk
72,46,1,1,0,0,0,730,7,radio/TV,48,Medium-low risk
73,51,1,3,1,1,1,1164,8,vacation/others,36,Medium-low risk
74,41,0,1,2,1,2,5954,42,business,63,Medium-high risk
75,40,1,3,2,0,1,1977,36,education,44,Medium-low risk
76,66,1,3,1,1,1,1526,12,car,43,Medium-low risk
77,34,1,2,2,1,1,3965,42,radio/TV,50,Medium-high risk
78,51,1,2,2,1,2,4771,11,radio/TV,36,Medium-low risk
79,39,1,1,2,0,0,9436,54,car,70,High risk
80,22,1,2,2,1,2,3832,30,furniture/equipment,53,Medium-high risk
81,44,0,2,2,0,0,5943,24,radio/TV,48,Medium-low risk
82,47,1,2,2,3,0,1213,15,radio/TV,31,Medium-low risk
83,24,0,1,0,2,0,1568,18,business,66,Medium-high risk
84,58,0,1,2,1,1,1755,24,vacation/others,45,Medium-low risk
85,52,1,1,2,1,1,2315,10,radio/TV,45,Medium-low risk
86,29,0,3,2,1,0,1412,12,business,40,Medium-low risk
87,27,0,2,2,1,2,1295,18,furniture/equipment,38,Medium-low risk
88,47,1,2,1,2,2,12612,36,education,60,Medium-high risk
89,30,1,3,2,2,1,2249,18,car,35,Medium-low risk
90,28,1,2,2,1,1,1108,12,repairs,35,Medium-low risk
91,56,1,2,2,1,0,618,12,radio/TV,37,Medium-low risk
92,54,1,2,2,1,1,1409,12,car,37,Medium-low risk
93,33,0,1,2,0,0,797,12,radio/TV,38,Medium-low risk
94,20,1,2,0,0,3,3617,24,furniture/equipment,55,Medium-high risk
95,54,1,2,2,4,2,1318,12,car,24,Low risk
96,58,1,2,0,1,2,15945,54,business,78,High risk
97,61,0,2,2,0,0,2012,12,education,55,Medium-high risk
98,34,1,2,2,2,2,2622,18,business,40,Medium-low risk
99,36,1,2,2,1,2,2337,36,radio/TV,41,Medium-low risk
100,36,1,3,0,0,2,7057,20,car,50,Medium-high risk
101,41,1,1,0,2,0,1469,24,car,51,Medium-high risk
102,24,1,2,0,1,2,2323,36,radio/TV,61,Medium-high risk
103,24,0,2,2,1,0,932,6,radio/TV,42,Medium-low risk
104,35,1,2,0,1,2,1919,9,furniture/equipment,38,Medium-low risk
105,26,1,2,0,0,0,2445,12,car,55,Medium-high risk
106,39,1,3,2,1,2,11938,24,vacation/others,42,Medium-low risk
107,39,1,3,2,1,0,6458,18,car,45,Medium-low risk
108,32,1,2,2,1,2,6078,12,car,38,Medium-low risk
109,30,0,2,2,0,1,7721,24,furniture/equipment,48,Medium-low risk
110,35,1,2,2,3,2,1410,14,business,32,Medium-low risk
111,31,1,2,2,2,2,1449,6,business,30,Medium-low risk
112,23,0,2,0,1,3,392,15,education,54,Medium-high risk
113,28,1,1,0,1,2,6260,18,car,63,Medium-high risk
114,25,0,2,2,1,0,7855,36,car,59,Medium-high risk
115,35,1,2,2,3,1,1680,12,radio/TV,24,Low risk
116,47,1,2,2,0,0,3578,48,radio/TV,53,Medium-high risk
117,30,0,3,2,0,1,7174,42,radio/TV,52,Medium-high risk
118,27,0,2,0,0,1,2132,10,furniture/equipment,53,Medium-high risk
119,23,0,2,2,3,1,4281,33,furniture/equipment,51,Medium-high risk
120,36,1,3,2,3,2,2366,12,car,23,Low risk
121,25,0,2,2,1,1,1835,21,radio/TV,40,Medium-low risk
122,41,0,3,0,1,0,3868,24,car,50,Medium-high risk
123,24,1,1,0,1,0,1768,12,furniture/equipment,59,Medium-high risk
124,63,1,2,1,1,3,781,10,car,39,Medium-low risk
125,27,0,2,0,0,2,1924,18,furniture/equipment,49,Medium-low risk
126,30,1,2,2,1,1,2121,12,car,37,Medium-low risk
127,40,1,1,2,1,1,701,12,radio/TV,35,Medium-low risk
128,30,1,2,2,1,2,639,12,repairs,26,Low risk
129,34,1,3,2,1,2,1860,12,car,24,Low risk
130,29,0,2,2,1,1,3499,12,car,42,Medium-low risk
131,24,0,2,2,0,2,8487,48,car,69,Medium-high risk
132,29,1,2,2,1,1,6887,36,education,62,Medium-high risk
133,27,1,1,2,1,0,2708,15,furniture/equipment,54,Medium-high risk
134,47,1,2,1,1,0,1984,18,furniture/equipment,44,Medium-low risk
135,21,0,2,2,2,0,10144,60,radio/TV,69,Medium-high risk
136,38,0,2,2,0,0,1240,12,radio/TV,33,Medium-low risk
137,27,1,2,2,4,0,8613,27,car,55,Medium-high risk
138,66,1,1,2,3,2,766,12,radio/TV,35,Medium-low risk
139,35,1,2,2,0,2,2728,15,radio/TV,37,Medium-low risk
140,44,0,1,0,1,3,1881,12,radio/TV,37,Medium-low risk
141,27,1,0,2,4,3,709,6,car,30,Medium-low risk
142,30,0,3,2,1,2,4795,36,radio/TV,37,Medium-low risk
143,27,1,3,2,1,1,3416,27,radio/TV,46,Medium-low risk
144,22,1,2,2,1,1,2462,18,furniture/equipment,52,Medium-high risk
145,23,0,2,2,1,0,2288,21,furniture/equipment,54,Medium-high risk
146,30,1,2,2,2,2,3566,48,business,50,Medium-high risk
147,39,0,2,2,1,1,860,6,car,32,Medium-low risk
148,51,0,2,2,2,0,682,12,car,36,Medium-low risk
149,28,1,2,2,1,1,5371,36,furniture/equipment,57,Medium-high risk
150,46,1,2,2,4,0,1582,18,radio/TV,28,Low risk
151,42,1,2,1,2,0,1346,6,radio/TV,34,Medium-low risk
152,38,1,2,2,1,0,1924,10,radio/TV,32,Medium-low risk
153,24,1,2,2,1,3,5848,36,radio/TV,52,Medium-high risk
154,29,0,2,0,4,2,7758,24,car,49,Medium-low risk
155,36,1,3,0,2,2,6967,24,business,51,Medium-high risk
156,20,0,2,0,1,1,1282,12,furniture/equipment,52,Medium-high risk
157,48,1,2,2,2,1,1288,9,repairs,27,Low risk
158,45,1,1,2,1,1,339,12,education,42,Medium-low risk
159,38,1,2,2,2,2,3512,24,car,35,Medium-low risk
160,34,1,1,2,0,0,1898,6,radio/TV,38,Medium-low risk
161,36,1,2,2,2,0,2872,24,radio/TV,39,Medium-low risk
162,30,0,2,2,1,0,1055,18,car,39,Medium-low risk
163,36,1,2,2,3,0,1262,15,domestic appliances,31,Medium-low risk
164,70,1,3,1,1,2,7308,10,car,49,Medium-low risk
165,36,1,2,2,3,0,909,36,car,38,Medium-low risk
166,32,1,2,2,3,0,2978,6,furniture/equipment,33,Medium-low risk
167,33,0,2,2,1,1,1131,18,furniture/equipment,37,Medium-low risk
168,20,0,2,2,4,2,1577,11,furniture/equipment,29,Low risk
169,25,0,2,0,1,0,3972,24,furniture/equipment,59,Medium-high risk
170,31,1,2,2,1,2,1935,24,business,38,Medium-low risk
171,33,1,2,0,1,1,950,15,car,47,Medium-low risk
172,26,0,2,2,1,0,763,12,furniture/equipment,39,Medium-low risk
173,34,0,3,2,1,2,2064,24,furniture/equipment,34,Medium-low risk
174,33,1,2,2,1,2,1414,8,radio/TV,26,Low risk
175,26,1,2,2,1,1,3414,21,education,52,Medium-high risk
176,53,0,3,2,0,0,7485,30,car,56,Medium-high risk
177,42,1,2,2,1,1,2577,12,furniture/equipment,37,Medium-low risk
178,52,1,2,2,3,1,338,6,radio/TV,29,Low risk
179,31,1,3,0,1,0,1963,12,radio/TV,38,Medium-low risk
180,65,1,2,2,1,1,571,21,car,47,Medium-low risk
181,28,1,2,2,1,0,9572,36,business,69,Medium-high risk
182,30,1,3,2,1,2,4455,36,business,44,Medium-low risk
183,40,1,1,2,0,1,1647,21,car,43,Medium-low risk
184,50,1,2,2,4,0,3777,24,furniture/equipment,35,Medium-low risk
185,36,1,2,2,1,2,884,18,car,33,Medium-low risk
186,31,1,2,2,1,0,1360,15,radio/TV,37,Medium-low risk
187,74,0,3,1,1,2,5129,9,car,54,Medium-high risk
188,68,1,0,1,1,2,1175,16,car,58,Medium-high risk
189,20,1,2,2,2,1,674,12,radio/TV,37,Medium-low risk
190,33,0,2,2,1,2,3244,18,furniture/equipment,38,Medium-low risk
191,54,1,3,2,4,0,4591,24,business,41,Medium-low risk
192,34,1,1,1,2,2,3844,48,business,60,Medium-high risk
193,36,1,2,2,1,2,3915,27,business,48,Medium-low risk
194,29,1,2,0,1,0,2108,6,radio/TV,52,Medium-high risk
195,21,1,2,0,2,2,3031,45,radio/TV,63,Medium-high risk
196,34,0,3,2,1,2,1501,9,education,29,Low risk
197,28,0,2,2,1,0,1382,6,radio/TV,37,Medium-low risk
198,27,0,2,0,2,2,951,12,furniture/equipment,40,Medium-low risk
199,36,1,2,1,0,2,2760,24,car,44,Medium-low risk
200,40,1,3,2,1,2,4297,18,furniture/equipment,34,Medium-low risk
201,52,1,2,2,3,0,936,9,education,38,Medium-low risk
202,27,1,1,2,1,1,1168,12,car,42,Medium-low risk
203,26,1,2,2,1,0,5117,27,business,64,Medium-high risk
204,21,1,2,0,1,1,902,12,education,57,Medium-high risk
205,38,1,1,2,1,0,1495,12,car,39,Medium-low risk
206,38,1,3,1,1,1,10623,30,car,58,Medium-high risk
207,43,1,2,2,1,0,1935,12,furniture/equipment,34,Medium-low risk
208,26,1,2,2,1,2,1424,12,domestic appliances,31,Medium-low risk
209,21,1,1,2,1,1,6568,24,business,67,Medium-high risk
210,55,1,2,2,4,0,1413,12,car,30,Medium-low risk
211,33,1,2,2,0,0,3074,9,radio/TV,38,Medium-low risk
212,45,0,1,2,0,0,3835,36,radio/TV,53,Medium-high risk
213,50,1,2,2,1,1,5293,27,business,57,Medium-high risk
214,66,1,3,2,1,3,1908,30,business,45,Medium-low risk
215,51,1,2,2,0,0,3342,36,radio/TV,53,Medium-high risk
216,39,0,1,2,0,2,932,6,education,39,Medium-low risk
217,31,1,2,2,1,1,3104,18,business,47,Medium-low risk
218,23,1,2,2,1,3,3913,36,radio/TV,47,Medium-low risk
219,24,1,1,0,1,1,3021,24,furniture/equipment,67,Medium-high risk
220,64,0,2,2,1,0,1364,10,car,44,Medium-low risk
221,26,1,1,2,1,2,625,12,radio/TV,36,Medium-low risk
222,23,0,2,0,0,1,1200,12,education,58,Medium-high risk
223,30,1,2,2,1,0,707,12,radio/TV,32,Medium-low risk
224,32,1,2,2,0,0,2978,24,business,50,Medium-high risk
225,30,1,2,2,1,0,4657,15,car,44,Medium-low risk
226,27,1,2,2,1,0,2613,36,repairs,52,Medium-high risk
227,27,1,2,2,4,2,10961,48,radio/TV,52,Medium-high risk
228,53,1,3,1,1,1,7865,12,furniture/equipment,48,Medium-low risk
229,22,1,2,2,1,0,1478,9,radio/TV,42,Medium-low risk
230,22,1,2,1,1,1,3149,24,furniture/equipment,57,Medium-high risk
231,26,1,2,2,1,3,4210,36,radio/TV,42,Medium-low risk
232,51,1,1,1,3,0,2507,9,car,48,Medium-low risk
233,35,1,2,2,2,0,2141,12,radio/TV,34,Medium-low risk
234,25,1,1,2,1,2,866,18,radio/TV,41,Medium-low risk
235,42,1,1,2,1,0,1544,4,radio/TV,37,Medium-low risk
236,30,1,3,2,1,1,1823,24,radio/TV,31,Medium-low risk
237,23,1,0,2,0,2,14555,6,car,64,Medium-high risk
238,61,1,1,0,2,2,2767,21,business,65,Medium-high risk
239,35,0,2,2,1,0,1291,12,radio/TV,32,Medium-low risk
240,39,1,2,2,1,1,2522,30,radio/TV,45,Medium-low risk
241,29,0,2,2,0,1,915,24,car,43,Medium-low risk
242,51,1,2,2,1,0,1595,6,radio/TV,37,Medium-low risk
243,24,1,2,1,1,1,4605,48,car,67,Medium-high risk
244,27,0,2,2,1,0,1185,12,business,44,Medium-low risk
245,35,0,1,2,3,0,3447,12,education,43,Medium-low risk
246,25,1,2,2,1,0,1258,24,business,49,Medium-low risk
247,52,1,2,2,1,0,717,12,radio/TV,37,Medium-low risk
248,35,1,2,0,2,0,1204,6,car,41,Medium-low risk
249,26,1,2,2,1,3,1925,24,furniture/equipment,34,Medium-low risk
250,22,0,2,0,1,0,433,18,radio/TV,57,Medium-high risk
251,39,0,1,2,4,1,666,6,car,28,Low risk
252,46,0,1,2,1,3,2251,12,furniture/equipment,34,Medium-low risk
253,24,0,2,2,1,2,2150,30,car,53,Medium-high risk
254,35,1,2,2,2,0,4151,24,furniture/equipment,41,Medium-low risk
255,24,1,2,2,0,2,2030,9,furniture/equipment,44,Medium-low risk
256,27,1,1,2,0,2,7418,60,radio/TV,62,Medium-high risk
257,35,1,1,2,1,0,2684,24,radio/TV,47,Medium-low risk
258,29,1,2,1,1,1,2149,12,radio/TV,45,Medium-low risk
259,23,0,2,2,2,0,3812,15,car,51,Medium-high risk
260,57,0,1,2,2,0,1154,11,radio/TV,39,Medium-low risk
261,27,1,2,2,1,1,1657,12,furniture/equipment,37,Medium-low risk
262,55,0,2,2,1,1,1603,24,radio/TV,40,Medium-low risk
263,36,1,3,1,1,1,5302,18,car,48,Medium-low risk
264,57,0,1,1,1,0,2748,12,education,59,Medium-high risk
265,32,1,1,2,1,0,1231,10,car,39,Medium-low risk
266,37,1,2,2,1,2,802,15,radio/TV,31,Medium-low risk
267,36,1,2,2,0,0,6304,36,business,60,Medium-high risk
268,38,0,2,2,1,0,1533,24,radio/TV,37,Medium-low risk
269,45,1,3,2,1,1,8978,14,car,48,Medium-low risk
270,25,1,2,2,0,0,999,24,radio/TV,43,Medium-low risk
271,32,1,2,2,0,0,2662,18,car,45,Medium-low risk
272,37,0,2,0,3,0,1402,12,furniture/equipment,38,Medium-low risk
273,36,1,3,1,0,2,12169,48,car,60,Medium-high risk
274,28,1,2,2,1,2,3060,48,radio/TV,51,Medium-high risk
275,34,1,1,2,1,1,11998,30,repairs,60,Medium-high risk
276,32,1,2,2,1,0,2697,9,radio/TV,37,Medium-low risk
277,26,0,2,2,1,0,2404,18,radio/TV,47,Medium-low risk
278,49,1,1,2,0,1,1262,12,furniture/equipment,38,Medium-low risk
279,32,0,2,2,1,0,4611,6,furniture/equipment,39,Medium-low risk
280,29,1,3,0,2,0,1901,24,radio/TV,45,Medium-low risk
281,23,1,2,0,4,0,3368,15,car,55,Medium-high risk
282,50,1,2,2,1,0,1574,12,furniture/equipment,34,Medium-low risk
283,49,1,1,2,0,3,1445,18,radio/TV,33,Medium-low risk
284,63,1,2,2,0,0,1520,15,furniture/equipment,50,Medium-high risk
285,37,1,2,2,2,2,3878,24,car,35,Medium-low risk
286,35,0,1,2,1,1,10722,47,car,67,Medium-high risk
287,26,1,2,2,1,1,4788,48,car,57,Medium-high risk
288,31,1,3,1,2,2,7582,48,vacation/others,49,Medium-low risk
289,49,0,2,2,1,2,1092,12,radio/TV,26,Low risk
290,48,1,2,2,1,1,1024,24,radio/TV,35,Medium-low risk
291,26,1,2,2,1,0,1076,12,business,44,Medium-low risk
292,28,1,3,0,1,2,9398,36,car,64,Medium-high risk
293,44,0,3,1,1,1,6419,24,car,48,Medium-low risk
294,56,1,2,1,1,3,4796,42,car,54,Medium-high risk
295,46,1,3,2,0,0,7629,48,business,61,Medium-high risk
296,26,0,2,2,1,2,9960,48,furniture/equipment,63,Medium-high risk
297,20,0,2,0,0,0,4675,12,car,60,Medium-high risk
298,45,1,1,2,0,0,1287,10,car,40,Medium-low risk
299,43,1,2,2,1,0,2515,18,furniture/equipment,44,Medium-low risk
300,32,1,2,2,4,2,2745,21,furniture/equipment,29,Low risk
301,54,0,0,2,1,0,672,6,car,49,Medium-low risk
302,42,0,2,2,1,2,3804,36,radio/TV,41,Medium-low risk
303,37,1,1,2,0,3,1344,24,car,35,Medium-low risk
304,49,1,2,2,1,1,1038,10,car,32,Medium-low risk
305,44,1,2,1,3,0,10127,48,car,63,Medium-high risk
306,33,1,2,2,4,0,1543,6,furniture/equipment,25,Low risk
307,24,0,1,0,0,0,4811,30,car,75,High risk
308,33,1,1,2,2,1,727,12,radio/TV,32,Medium-low risk
309,24,0,2,2,1,2,1237,8,furniture/equipment,38,Medium-low risk
310,22,1,1,0,1,2,276,9,car,53,Medium-high risk
311,40,1,0,1,0,2,5381,48,vacation/others,67,Medium-high risk
312,25,1,2,2,2,0,5511,24,furniture/equipment,51,Medium-high risk
313,26,0,2,2,1,3,3749,24,furniture/equipment,39,Medium-low risk
314,25,1,1,2,1,2,685,12,car,38,Medium-low risk
315,29,1,1,2,0,3,1494,4,car,35,Medium-low risk
316,31,1,2,2,1,1,2746,36,furniture/equipment,47,Medium-low risk
317,38,1,1,2,1,1,708,12,furniture/equipment,37,Medium-low risk
318,48,0,1,2,0,2,4351,24,furniture/equipment,44,Medium-low risk
319,32,1,2,2,1,0,701,12,education,39,Medium-low risk
320,27,0,1,2,1,1,3643,15,furniture/equipment,52,Medium-high risk
321,28,1,3,2,1,2,4249,30,car,44,Medium-low risk
322,32,1,2,2,1,1,1938,24,radio/TV,35,Medium-low risk
323,34,1,3,1,1,1,2910,24,car,43,Medium-low risk
324,28,1,2,2,4,1,2659,18,furniture/equipment,38,Medium-low risk
325,36,0,2,2,1,0,1028,18,car,39,Medium-low risk
326,39,1,1,2,1,1,3398,8,car,42,Medium-low risk
327,49,1,2,0,0,0,5801,12,furniture/equipment,55,Medium-high risk
328,34,0,2,2,4,0,1525,24,car,30,Medium-low risk
329,31,1,2,2,1,3,4473,36,radio/TV,37,Medium-low risk
330,28,1,2,2,1,2,1068,6,radio/TV,31,Medium-low risk
331,75,1,3,1,1,1,6615,24,car,63,Medium-high risk
332,30,0,2,2,2,0,1864,18,education,41,Medium-low risk
333,24,0,3,2,2,2,7408,60,car,56,Medium-high risk
334,24,0,1,0,2,0,11590,48,car,86,High risk
335,23,1,2,0,1,1,4110,24,furniture/equipment,62,Medium-high risk
336,44,1,3,0,1,1,3384,6,furniture/equipment,43,Medium-low risk
337,23,0,1,2,1,2,2101,13,radio/TV,51,Medium-high risk
338,24,0,2,0,0,1,1275,15,domestic appliances,56,Medium-high risk
339,28,1,2,2,1,1,4169,24,furniture/equipment,47,Medium-low risk
340,31,1,1,2,1,2,1521,10,furniture/equipment,33,Medium-low risk
341,24,0,2,1,1,2,5743,24,education,63,Medium-high risk
342,26,0,1,0,1,1,3599,21,furniture/equipment,62,Medium-high risk
343,25,1,2,0,3,2,3213,18,radio/TV,45,Medium-low risk
344,33,1,3,2,1,2,4439,18,business,39,Medium-low risk
345,37,1,1,2,1,3,3949,10,car,34,Medium-low risk
346,43,0,1,2,1,0,1459,15,radio/TV,42,Medium-low risk
347,23,1,2,2,1,2,882,13,radio/TV,41,Medium-low risk
348,23,0,0,0,3,2,3758,24,radio/TV,60,Medium-high risk
349,34,1,1,2,2,0,1743,6,business,41,Medium-low risk
350,32,1,2,1,4,2,1136,9,education,29,Low risk
351,23,0,2,0,1,0,1236,9,domestic appliances,52,Medium-high risk
352,29,0,2,2,1,2,959,9,furniture/equipment,33,Medium-low risk
353,38,1,3,2,0,0,3229,18,car,41,Medium-low risk
354,28,1,2,0,1,1,6199,12,radio/TV,55,Medium-high risk
355,46,1,2,1,3,0,727,10,education,38,Medium-low risk
356,23,1,1,2,1,2,1246,24,car,48,Medium-low risk
357,49,1,2,2,0,0,2331,12,radio/TV,38,Medium-low risk
358,26,1,3,2,1,0,4463,36,radio/TV,48,Medium-low risk
359,28,1,2,2,1,0,776,12,radio/TV,37,Medium-low risk
360,23,0,2,0,1,1,2406,30,furniture/equipment,67,Medium-high risk
361,61,1,2,1,0,2,1239,18,education,54,Medium-high risk
362,37,1,3,2,0,3,3399,12,radio/TV,24,Low risk
363,36,0,2,2,1,3,2247,12,car,29,Low risk
364,21,1,2,0,1,0,1766,6,furniture/equipment,54,Medium-high risk
365,25,1,0,2,1,1,2473,18,furniture/equipment,57,Medium-high risk
366,36,1,2,2,1,0,1542,12,business,39,Medium-low risk
367,27,1,2,2,1,0,3850,18,car,49,Medium-low risk
368,22,0,2,0,1,1,3650,18,furniture/equipment,62,Medium-high risk
369,42,1,2,2,1,1,3446,36,furniture/equipment,47,Medium-low risk
370,40,0,2,0,1,2,3001,18,furniture/equipment,48,Medium-low risk
371,36,1,2,2,0,0,3079,36,car,50,Medium-high risk
372,33,1,2,2,1,0,6070,18,radio/TV,47,Medium-low risk
373,23,0,2,0,1,0,2146,10,furniture/equipment,59,Medium-high risk
374,63,1,3,1,0,0,13756,60,car,76,High risk
375,60,0,3,1,2,2,14782,60,vacation/others,59,Medium-high risk
376,37,0,2,0,1,1,7685,48,business,72,High risk
377,34,1,2,2,1,0,2320,18,radio/TV,42,Medium-low risk
378,36,1,2,1,0,0,846,7,radio/TV,38,Medium-low risk
379,57,1,3,1,1,2,14318,36,car,59,Medium-high risk
380,52,0,1,2,2,0,362,6,car,41,Medium-low risk
381,39,1,2,2,0,1,2212,20,furniture/equipment,43,Medium-low risk
382,38,0,3,1,1,2,12976,18,car,49,Medium-low risk
383,25,0,2,0,0,0,1283,22,car,55,Medium-high risk
384,26,1,2,2,1,3,1330,12,car,29,Low risk
385,26,1,1,2,2,0,4272,30,business,61,Medium-high risk
386,25,0,2,2,1,0,2238,18,radio/TV,47,Medium-low risk
387,21,0,2,0,0,0,1126,18,radio/TV,58,Medium-high risk
388,40,1,3,2,1,2,7374,18,furniture/equipment,39,Medium-low risk
389,27,1,2,2,3,2,2326,15,business,42,Medium-low risk
390,27,0,2,2,1,0,1449,9,business,44,Medium-low risk
391,30,1,3,2,1,0,1820,18,car,35,Medium-low risk
392,19,0,1,0,4,2,983,12,furniture/equipment,49,Medium-low risk
393,39,1,3,1,1,1,3249,36,car,48,Medium-low risk
394,31,0,2,2,1,1,1957,6,radio/TV,30,Medium-low risk
395,31,1,3,2,1,0,2406,9,furniture/equipment,35,Medium-low risk
396,32,1,2,0,2,2,11760,39,education,70,High risk
397,55,0,3,1,1,1,2578,12,furniture/equipment,43,Medium-low risk
398,46,1,2,2,1,1,2348,36,furniture/equipment,47,Medium-low risk
399,46,1,2,0,1,2,1223,12,car,38,Medium-low risk
400,43,0,1,2,4,0,1516,24,radio/TV,33,Medium-low risk
401,39,1,2,2,1,0,1473,18,radio/TV,37,Medium-low risk
402,28,1,2,2,0,2,1887,18,business,44,Medium-low risk
403,27,1,2,2,1,0,8648,24,business,64,Medium-high risk
404,27,1,1,2,1,0,802,14,car,49,Medium-low risk
405,43,1,2,2,0,2,2899,18,car,39,Medium-low risk
406,22,1,2,2,1,2,2039,24,radio/TV,46,Medium-low risk
407,43,1,2,2,0,0,2197,24,car,45,Medium-low risk
408,27,1,2,2,1,1,1053,15,radio/TV,40,Medium-low risk
409,26,1,3,2,3,0,3235,24,radio/TV,37,Medium-low risk
410,28,1,2,2,3,3,939,12,car,23,Low risk
411,20,0,2,2,1,2,1967,24,radio/TV,41,Medium-low risk
412,35,1,3,2,1,0,7253,33,car,50,Medium-high risk
413,42,1,3,2,1,0,2292,12,business,40,Medium-low risk
414,40,1,1,0,3,0,1597,10,car,43,Medium-low risk
415,35,0,2,2,0,1,1381,24,car,38,Medium-low risk
416,35,1,2,2,1,0,5842,36,car,54,Medium-high risk
417,33,1,1,2,1,1,2579,12,car,42,Medium-low risk
418,23,0,2,0,0,1,8471,18,education,78,High risk
419,31,0,3,2,3,0,2782,21,car,34,Medium-low risk
420,33,0,2,2,0,2,1042,18,car,34,Medium-low risk
421,20,0,2,0,4,0,3186,15,car,55,Medium-high risk
422,30,1,2,2,0,2,2028,12,car,34,Medium-low risk
423,47,1,1,2,1,2,958,12,car,33,Medium-low risk
424,34,1,3,2,2,0,1591,21,furniture/equipment,32,Medium-low risk
425,25,0,2,2,0,2,2762,12,furniture/equipment,39,Medium-low risk
426,21,1,2,0,1,2,2779,18,car,58,Medium-high risk
427,29,1,2,2,1,0,2743,28,radio/TV,52,Medium-high risk
428,46,1,2,2,4,0,1149,18,radio/TV,28,Low risk
429,20,1,2,2,1,0,1313,9,furniture/equipment,44,Medium-low risk
430,55,0,0,1,1,1,1190,18,repairs,55,Medium-high risk
431,74,1,1,2,1,0,3448,5,business,64,Medium-high risk
432,29,1,3,2,1,2,11328,24,vacation/others,47,Medium-low risk
433,36,1,3,1,1,1,1872,6,furniture/equipment,33,Medium-low risk
434,33,1,2,2,1,0,2058,24,repairs,42,Medium-low risk
435,25,1,2,2,1,1,2136,9,furniture/equipment,42,Medium-low risk
436,25,1,2,2,0,2,1484,12,radio/TV,32,Medium-low risk
437,23,1,1,0,3,0,660,6,repairs,51,Medium-high risk
438,37,0,2,2,4,0,1287,24,car,30,Medium-low risk
439,65,1,0,2,1,1,3394,42,repairs,70,High risk
440,26,0,0,2,1,3,609,12,business,44,Medium-low risk
441,39,1,3,2,1,0,1884,12,car,30,Medium-low risk
442,30,0,2,2,1,1,1620,12,furniture/equipment,32,Medium-low risk
443,29,1,2,2,1,2,2629,20,vacation/others,41,Medium-low risk
444,41,1,1,2,1,0,719,12,education,44,Medium-low risk
445,30,0,3,2,1,2,5096,48,furniture/equipment,49,Medium-low risk
446,41,0,1,0,0,0,1244,9,education,55,Medium-high risk
447,34,0,2,2,1,1,1842,36,car,42,Medium-low risk
448,35,1,2,2,1,2,2576,7,radio/TV,31,Medium-low risk
449,55,0,3,2,0,3,1424,12,furniture/equipment,26,Low risk
450,61,1,2,2,4,2,1512,15,repairs,32,Medium-low risk
451,30,1,3,2,0,0,11054,36,car,56,Medium-high risk
452,29,0,2,2,1,0,518,6,radio/TV,37,Medium-low risk
453,34,1,2,2,1,0,2759,12,furniture/equipment,39,Medium-low risk
454,35,1,3,2,1,0,2670,24,car,40,Medium-low risk
455,31,1,2,2,1,1,4817,24,car,42,Medium-low risk
456,29,0,3,2,1,0,2679,24,car,45,Medium-low risk
457,36,1,2,0,1,1,3905,11,car,47,Medium-low risk
458,35,1,2,1,1,1,3386,12,car,42,Medium-low risk
459,27,0,2,2,1,1,343,6,domestic appliances,35,Medium-low risk
460,32,1,2,2,1,0,4594,18,radio/TV,42,Medium-low risk
461,37,1,2,2,1,1,3620,36,furniture/equipment,47,Medium-low risk
462,36,1,2,2,1,1,1721,15,car,37,Medium-low risk
463,34,0,3,0,1,2,3017,12,furniture/equipment,39,Medium-low risk
464,38,1,2,2,0,2,754,12,education,34,Medium-low risk
465,34,1,2,2,1,0,1950,18,business,44,Medium-low risk
466,63,1,2,2,1,1,2924,24,car,52,Medium-high risk
467,29,0,1,0,1,1,1659,24,radio/TV,55,Medium-high risk
468,32,1,2,2,0,0,7238,48,radio/TV,58,Medium-high risk
469,26,0,2,2,1,0,2764,33,business,59,Medium-high risk
470,35,1,1,2,1,0,4679,24,car,49,Medium-low risk
471,22,1,2,0,2,2,3092,24,radio/TV,53,Medium-high risk
472,23,0,2,2,1,1,448,6,education,47,Medium-low risk
473,28,1,1,2,1,1,654,9,car,42,Medium-low risk
474,36,1,3,2,0,0,1238,6,education,36,Medium-low risk
475,33,1,2,2,1,2,1245,18,radio/TV,31,Medium-low risk
476,26,0,2,0,1,1,3114,18,furniture/equipment,57,Medium-high risk
477,24,1,2,2,3,0,2569,39,car,58,Medium-high risk
478,25,1,2,2,1,3,5152,24,radio/TV,42,Medium-low risk
479,39,1,1,2,2,2,1037,12,business,35,Medium-low risk
480,44,1,2,2,1,1,1478,15,furniture/equipment,37,Medium-low risk
481,23,0,1,2,1,2,3573,12,radio/TV,46,Medium-low risk
482,26,1,2,2,1,2,1201,24,car,38,Medium-low risk
483,57,0,2,0,4,1,3622,30,furniture/equipment,53,Medium-high risk
484,30,0,2,2,4,0,960,15,furniture/equipment,30,Medium-low risk
485,44,1,2,2,3,0,1163,12,car,28,Low risk
486,47,1,3,2,1,2,1209,6,car,24,Low risk
487,52,1,2,2,1,0,3077,12,radio/TV,42,Medium-low risk
488,62,0,2,1,1,0,3757,24,car,59,Medium-high risk
489,35,1,1,0,2,0,1418,10,car,46,Medium-low risk
490,26,1,2,0,1,0,3518,6,car,54,Medium-high risk
491,26,1,2,2,1,0,1934,12,radio/TV,37,Medium-low risk
492,42,0,3,1,1,2,8318,27,business,59,Medium-high risk
493,27,0,2,2,2,0,1237,6,radio/TV,34,Medium-low risk
494,38,1,2,2,0,2,368,6,radio/TV,27,Low risk
495,39,1,1,0,1,1,2122,12,car,52,Medium-high risk
496,20,1,2,2,0,1,2996,24,furniture/equipment,53,Medium-high risk
497,29,1,3,0,2,2,9034,36,furniture/equipment,61,Medium-high risk
498,40,1,2,2,1,0,1585,24,furniture/equipment,39,Medium-low risk
499,32,1,1,2,1,2,1301,18,radio/TV,36,Medium-low risk
500,28,1,2,2,2,3,1323,6,car,26,Low risk
501,27,0,2,2,1,1,3123,24,car,47,Medium-low risk
502,42,1,2,1,1,1,5493,36,car,57,Medium-high risk
503,49,1,2,2,2,3,1126,9,radio/TV,19,Low risk
504,38,1,2,2,2,2,1216,24,radio/TV,28,Low risk
505,24,0,2,0,1,1,1207,24,car,57,Medium-high risk
506,27,1,1,2,0,0,1309,10,car,45,Medium-low risk
507,36,1,2,2,3,3,2360,15,car,28,Low risk
508,34,1,3,2,2,2,6850,15,car,36,Medium-low risk
509,28,1,2,2,1,0,1413,24,radio/TV,42,Medium-low risk
510,45,1,3,2,2,0,8588,39,car,57,Medium-high risk
511,26,1,2,2,1,1,759,12,car,37,Medium-low risk
512,32,1,3,1,1,0,4686,36,car,50,Medium-high risk
513,26,1,2,0,1,3,2687,15,business,54,Medium-high risk
514,20,1,2,0,1,2,585,12,radio/TV,46,Medium-low risk
515,54,1,2,2,0,0,2255,24,car,50,Medium-high risk
516,37,0,2,2,1,1,609,6,car,32,Medium-low risk
517,40,1,1,2,1,1,1361,6,car,37,Medium-low risk
518,23,0,2,0,1,0,7127,36,furniture/equipment,74,High risk
519,43,1,2,2,2,1,1203,6,car,29,Low risk
520,36,1,2,1,0,0,700,6,radio/TV,38,Medium-low risk
521,44,1,2,1,1,0,5507,24,repairs,52,Medium-high risk
522,24,0,2,2,1,1,3190,18,radio/TV,50,Medium-high risk
523,53,1,2,1,1,1,7119,48,furniture/equipment,67,Medium-high risk
524,23,0,2,2,2,0,3488,24,car,51,Medium-high risk
525,26,0,1,2,1,2,1113,18,radio/TV,41,Medium-low risk
526,30,1,2,2,1,2,7966,26,car,48,Medium-low risk
527,31,0,2,2,2,0,1532,15,education,41,Medium-low risk
528,42,1,1,2,1,0,1503,4,radio/TV,37,Medium-low risk
529,31,1,2,0,1,1,2302,36,radio/TV,55,Medium-high risk
530,41,1,1,2,1,1,662,6,car,37,Medium-low risk
531,32,1,2,2,1,2,2273,36,education,48,Medium-low risk
532,28,0,2,0,2,2,2631,15,car,50,Medium-high risk
533,41,1,2,0,1,0,1503,12,car,44,Medium-low risk
534,26,1,2,2,2,0,1311,24,radio/TV,39,Medium-low risk
535,25,1,2,2,0,0,3105,24,radio/TV,48,Medium-low risk
536,33,1,2,0,1,3,2319,21,education,49,Medium-low risk
537,75,0,3,2,0,1,1374,6,car,44,Medium-low risk
538,37,0,2,2,1,2,3612,18,furniture/equipment,38,Medium-low risk
539,42,1,3,1,1,1,7763,48,car,58,Medium-high risk
540,45,0,1,2,1,3,3049,18,furniture/equipment,39,Medium-low risk
541,23,1,2,0,1,2,1534,12,radio/TV,46,Medium-low risk
542,60,1,2,1,1,0,2032,24,car,54,Medium-high risk
543,31,1,2,2,0,1,6350,30,furniture/equipment,53,Medium-high risk
544,34,1,1,2,1,3,2864,18,furniture/equipment,39,Medium-low risk
545,61,1,1,2,1,0,1255,12,car,49,Medium-low risk
546,43,1,2,1,1,1,1333,24,car,42,Medium-low risk
547,37,0,2,2,1,0,2022,24,car,44,Medium-low risk
548,32,1,2,2,1,0,1552,24,radio/TV,37,Medium-low risk
549,24,0,1,2,1,1,626,12,radio/TV,45,Medium-low risk
550,35,1,2,1,0,0,8858,48,car,70,High risk
551,23,0,2,2,0,0,996,12,repairs,43,Medium-low risk
552,45,1,1,2,3,0,1750,6,radio/TV,31,Medium-low risk
553,34,1,2,2,1,1,6999,48,radio/TV,55,Medium-high risk
554,27,1,2,2,2,2,1995,12,car,30,Medium-low risk
555,67,0,3,2,1,2,1199,9,education,39,Medium-low risk
556,22,1,2,2,1,2,1331,12,radio/TV,36,Medium-low risk
557,28,0,2,2,2,2,2278,18,car,40,Medium-low risk
558,29,0,2,2,0,0,5003,21,car,55,Medium-high risk
559,27,1,2,2,1,1,3552,24,furniture/equipment,47,Medium-low risk
560,31,1,1,2,1,2,1928,18,furniture/equipment,38,Medium-low risk
561,49,1,2,1,0,1,2964,24,car,48,Medium-low risk
562,24,1,1,0,1,1,1546,24,radio/TV,60,Medium-high risk
563,29,0,2,2,1,3,683,6,radio/TV,27,Low risk
564,37,1,2,1,0,2,12389,36,car,59,Medium-high risk
565,37,1,3,2,0,2,4712,24,business,40,Medium-low risk
566,23,0,2,0,2,2,1553,24,radio/TV,48,Medium-low risk
567,36,1,2,2,1,1,1372,12,car,32,Medium-low risk
568,34,1,2,2,4,0,2578,24,radio/TV,33,Medium-low risk
569,41,1,2,2,0,2,3979,48,radio/TV,47,Medium-low risk
570,31,0,2,2,1,1,6758,48,radio/TV,55,Medium-high risk
571,23,0,1,0,1,1,3234,24,furniture/equipment,67,Medium-high risk
572,38,1,2,2,1,0,5954,30,radio/TV,52,Medium-high risk
573,26,0,3,0,0,0,5433,24,car,61,Medium-high risk
574,22,0,1,2,1,1,806,15,business,57,Medium-high risk
575,27,1,1,2,1,2,1082,9,radio/TV,36,Medium-low risk
576,24,0,2,2,1,0,2788,15,furniture/equipment,54,Medium-high risk
577,27,0,2,2,1,2,2930,12,radio/TV,36,Medium-low risk
578,33,0,2,2,0,0,1927,24,education,45,Medium-low risk
579,27,1,2,2,1,2,2820,36,car,48,Medium-low risk
580,27,1,1,2,1,0,937,24,education,54,Medium-high risk
581,30,1,2,2,1,2,1056,18,car,33,Medium-low risk
582,49,1,1,2,1,2,3124,12,car,38,Medium-low risk
583,26,0,2,0,1,0,1388,9,furniture/equipment,49,Medium-low risk
584,33,1,1,0,1,2,2384,36,repairs,56,Medium-high risk
585,52,0,3,1,0,0,2133,12,car,46,Medium-low risk
586,20,0,2,0,1,1,2039,18,furniture/equipment,62,Medium-high risk
587,36,1,2,0,1,1,2799,9,car,47,Medium-low risk
588,21,1,1,2,1,1,1289,12,furniture/equipment,47,Medium-low risk
589,47,1,1,2,1,1,1217,18,domestic appliances,40,Medium-low risk
590,60,1,2,2,1,1,2246,12,furniture/equipment,42,Medium-low risk
591,58,0,1,2,1,1,385,12,radio/TV,40,Medium-low risk
592,42,0,2,0,0,2,1965,24,car,44,Medium-low risk
593,36,0,1,2,4,0,1572,21,business,40,Medium-low risk
594,20,0,1,0,1,2,2718,24,car,63,Medium-high risk
595,40,1,3,2,0,1,1358,24,vacation/others,32,Medium-low risk
596,32,0,1,2,2,2,931,6,car,30,Medium-low risk
597,23,0,2,0,1,1,1442,24,car,57,Medium-high risk
598,36,1,1,2,1,2,4241,24,business,48,Medium-low risk
599,31,1,2,2,1,0,2775,18,car,44,Medium-low risk
600,32,1,2,1,1,0,3863,24,business,54,Medium-high risk
601,45,0,2,2,1,2,2329,7,radio/TV,31,Medium-low risk
602,30,0,2,2,1,2,918,9,furniture/equipment,28,Low risk
603,34,0,1,1,1,2,1837,24,education,48,Medium-low risk
604,28,0,3,2,1,0,3349,36,furniture/equipment,50,Medium-high risk
605,23,0,2,2,1,3,1275,10,furniture/equipment,34,Medium-low risk
606,22,1,2,2,3,1,2828,24,furniture/equipment,46,Medium-low risk
607,74,1,3,2,1,0,4526,24,business,60,Medium-high risk
608,50,0,2,1,2,2,2671,36,radio/TV,43,Medium-low risk
609,33,1,2,2,1,0,2051,18,radio/TV,42,Medium-low risk
610,45,1,2,1,0,0,1300,15,car,45,Medium-low risk
611,22,0,2,2,2,1,741,12,domestic appliances,37,Medium-low risk
612,48,0,1,1,2,3,1240,10,car,31,Medium-low risk
613,29,0,2,2,4,1,3357,21,radio/TV,36,Medium-low risk
614,22,0,2,0,1,1,3632,24,car,62,Medium-high risk
615,22,0,2,2,1,0,1808,18,furniture/equipment,49,Medium-low risk
616,48,1,3,2,0,2,12204,48,business,60,Medium-high risk
617,27,1,3,1,0,2,9157,60,radio/TV,63,Medium-high risk
618,37,1,2,0,1,1,3676,6,car,47,Medium-low risk
619,21,0,2,0,2,2,3441,30,furniture/equipment,60,Medium-high risk
620,49,1,1,2,1,0,640,12,car,39,Medium-low risk
621,27,1,2,2,1,2,3652,21,business,48,Medium-low risk
622,32,1,2,2,1,0,1530,18,car,39,Medium-low risk
623,38,1,2,2,0,0,3914,48,business,60,Medium-high risk
624,22,0,2,0,1,1,1858,12,furniture/equipment,52,Medium-high risk
625,65,1,2,1,1,1,2600,18,radio/TV,55,Medium-high risk
626,35,1,2,2,0,0,1979,15,radio/TV,38,Medium-low risk
627,41,1,2,2,1,3,2116,6,furniture/equipment,29,Low risk
628,29,1,2,2,2,2,1437,9,car,30,Medium-low risk
629,36,1,2,2,3,0,4042,42,furniture/equipment,48,Medium-low risk
630,64,1,1,2,0,0,3832,9,education,60,Medium-high risk
631,28,0,2,2,1,1,3660,24,radio/TV,45,Medium-low risk
632,44,1,2,2,1,1,1553,18,furniture/equipment,37,Medium-low risk
633,23,1,2,2,0,2,1444,15,radio/TV,42,Medium-low risk
634,19,0,2,0,1,0,1980,9,furniture/equipment,59,Medium-high risk
635,25,0,1,2,1,2,1355,24,car,43,Medium-low risk
636,47,1,2,2,1,0,1393,12,education,39,Medium-low risk
637,28,0,2,2,3,0,1376,24,radio/TV,36,Medium-low risk
638,21,1,2,2,1,0,15653,60,radio/TV,72,High risk
639,34,0,2,2,1,0,1493,12,radio/TV,32,Medium-low risk
640,26,1,2,2,1,1,4370,42,radio/TV,55,Medium-high risk
641,27,0,0,2,1,1,750,18,education,57,Medium-high risk
642,38,1,1,2,1,2,1308,15,repairs,36,Medium-low risk
643,40,1,3,2,2,0,4623,15,education,42,Medium-low risk
644,33,1,2,2,1,0,1851,24,radio/TV,37,Medium-low risk
645,32,1,3,2,1,1,1880,18,radio/TV,31,Medium-low risk
646,27,1,2,0,0,0,7980,36,business,75,High risk
647,32,1,2,2,1,1,4583,30,furniture/equipment,47,Medium-low risk
648,26,0,2,2,3,0,1386,12,car,33,Medium-low risk
649,38,1,2,1,1,3,947,24,car,34,Medium-low risk
650,40,1,1,0,1,1,684,12,education,52,Medium-high risk
651,50,1,3,1,1,1,7476,48,education,63,Medium-high risk
652,37,1,1,2,1,2,1922,12,furniture/equipment,33,Medium-low risk
653,45,1,2,2,1,1,2303,24,car,42,Medium-low risk
654,42,1,3,2,2,2,8086,36,car,46,Medium-low risk
655,35,1,2,2,1,0,2346,24,car,44,Medium-low risk
656,22,1,2,1,1,1,3973,14,car,57,Medium-high risk
657,41,1,1,2,1,2,888,12,car,33,Medium-low risk
658,37,1,2,2,0,0,10222,48,radio/TV,63,Medium-high risk
659,28,0,2,2,1,2,4221,30,business,53,Medium-high risk
660,41,1,2,2,1,2,6361,18,furniture/equipment,43,Medium-low risk
661,23,1,2,0,1,3,1297,12,radio/TV,42,Medium-low risk
662,23,1,2,2,0,1,900,12,car,43,Medium-low risk
663,50,1,2,2,1,0,2241,21,furniture/equipment,44,Medium-low risk
664,35,1,3,2,1,2,1050,6,furniture/equipment,24,Low risk
665,50,0,1,2,1,3,1047,6,education,34,Medium-low risk
666,27,1,3,2,1,0,6314,24,vacation/others,48,Medium-low risk
667,34,1,2,2,4,2,3496,30,furniture/equipment,34,Medium-low risk
668,27,0,2,2,1,0,3609,48,business,64,Medium-high risk
669,43,1,2,0,1,1,4843,12,car,47,Medium-low risk
670,47,1,2,2,1,3,3017,30,radio/TV,37,Medium-low risk
671,27,1,1,2,2,0,4139,24,business,56,Medium-high risk
672,31,1,2,2,2,0,5742,36,business,56,Medium-high risk
673,42,1,3,2,1,0,10366,60,car,60,Medium-high risk
674,24,1,2,2,3,0,2080,6,car,43,Medium-low risk
675,41,1,1,2,3,0,2580,21,business,48,Medium-low risk
676,26,0,3,0,1,0,4530,30,radio/TV,58,Medium-high risk
677,33,1,2,2,1,0,5150,24,furniture/equipment,49,Medium-low risk
678,24,1,2,2,2,2,5595,72,radio/TV,58,Medium-high risk
679,64,1,1,0,1,1,2384,24,radio/TV,65,Medium-high risk
680,26,0,2,2,1,0,1453,18,radio/TV,42,Medium-low risk
681,56,0,2,2,1,0,1538,6,education,44,Medium-low risk
682,37,1,2,1,0,0,2279,12,radio/TV,43,Medium-low risk
683,33,1,2,2,1,0,1478,15,radio/TV,37,Medium-low risk
684,47,1,2,1,1,0,5103,24,radio/TV,52,Medium-high risk
685,31,1,1,2,2,2,9857,36,business,60,Medium-high risk
686,34,1,2,1,0,0,6527,60,car,65,Medium-high risk
687,27,1,2,2,0,3,1347,10,radio/TV,28,Low risk
688,30,1,2,1,2,2,2862,36,car,45,Medium-low risk
689,35,1,2,2,2,0,2753,9,radio/TV,34,Medium-low risk
690,31,1,2,2,4,1,3651,12,car,28,Low risk
691,25,1,2,2,1,1,975,15,furniture/equipment,42,Medium-low risk
692,25,0,1,2,2,2,2631,15,repairs,43,Medium-low risk
693,29,1,2,2,2,2,2896,24,radio/TV,38,Medium-low risk
694,44,1,1,2,0,1,4716,6,car,43,Medium-low risk
695,28,1,2,2,1,0,2284,24,radio/TV,47,Medium-low risk
696,50,1,2,0,3,0,1236,6,car,38,Medium-low risk
697,29,1,2,2,1,2,1103,12,radio/TV,31,Medium-low risk
698,38,0,0,2,1,0,926,12,car,44,Medium-low risk
699,24,1,2,2,1,0,1800,18,radio/TV,47,Medium-low risk
700,40,1,3,0,1,3,1905,15,education,40,Medium-low risk
701,29,0,1,0,3,0,1123,12,furniture/equipment,48,Medium-low risk
702,46,1,2,1,1,1,6331,48,car,62,Medium-high risk
703,47,0,2,1,2,3,1377,24,radio/TV,29,Low risk
704,41,1,2,2,2,2,2503,30,business,45,Medium-low risk
705,32,0,2,2,1,2,2528,27,business,48,Medium-low risk
706,35,0,2,1,3,0,5324,15,car,48,Medium-low risk
707,24,1,2,2,2,2,6560,48,car,60,Medium-high risk
708,25,0,2,0,1,2,2969,12,furniture/equipment,48,Medium-low risk
709,25,0,2,2,1,2,1206,9,radio/TV,31,Medium-low risk
710,37,1,1,2,1,2,2118,9,radio/TV,36,Medium-low risk
711,32,1,3,2,3,0,629,18,radio/TV,27,Low risk
712,35,0,2,1,1,1,1198,6,education,42,Medium-low risk
713,46,1,3,2,0,0,2476,21,car,41,Medium-low risk
714,25,1,1,2,1,1,1138,9,radio/TV,40,Medium-low risk
715,27,1,3,2,1,2,14027,60,car,59,Medium-high risk
716,63,1,2,2,0,0,7596,30,car,65,Medium-high risk
717,40,1,2,2,0,0,3077,30,radio/TV,48,Medium-low risk
718,32,1,3,1,1,0,1505,18,radio/TV,38,Medium-low risk
719,31,1,2,2,0,3,3148,24,radio/TV,33,Medium-low risk
720,31,1,2,2,2,2,6148,20,car,40,Medium-low risk
721,34,1,3,2,1,3,1337,9,radio/TV,18,Low risk
722,24,0,2,0,4,2,433,6,education,44,Medium-low risk
723,24,0,1,2,1,1,1228,12,car,47,Medium-low risk
724,66,0,1,2,3,2,790,9,radio/TV,35,Medium-low risk
725,21,0,2,0,1,0,2570,27,car,69,Medium-high risk
726,41,0,1,2,4,0,250,6,car,30,Medium-low risk
727,47,1,1,2,3,0,1316,15,radio/TV,36,Medium-low risk
728,25,0,2,0,1,1,1882,18,radio/TV,50,Medium-high risk
729,59,0,2,0,1,2,6416,48,business,73,High risk
730,36,1,2,2,4,3,1275,24,business,25,Low risk
731,33,1,2,2,1,2,6403,24,radio/TV,41,Medium-low risk
732,21,1,1,0,1,1,1987,24,radio/TV,60,Medium-high risk
733,44,0,1,2,1,2,760,8,radio/TV,31,Medium-low risk
734,28,0,2,0,4,0,2603,24,car,50,Medium-high risk
735,37,0,2,2,1,0,3380,4,car,39,Medium-low risk
736,29,0,0,2,0,2,3990,36,domestic appliances,57,Medium-high risk
737,23,0,3,0,1,2,11560,24,car,64,Medium-high risk
738,35,1,1,2,2,1,4380,18,car,44,Medium-low risk
739,45,1,3,2,1,0,6761,6,car,40,Medium-low risk
740,26,0,1,0,2,2,4280,30,business,65,Medium-high risk
741,32,1,2,2,2,1,2325,24,car,39,Medium-low risk
742,23,1,1,2,1,2,1048,10,radio/TV,41,Medium-low risk
743,41,1,2,2,0,0,3160,21,radio/TV,43,Medium-low risk
744,22,1,2,2,3,1,2483,24,furniture/equipment,46,Medium-low risk
745,30,1,3,2,0,1,14179,39,furniture/equipment,59,Medium-high risk
746,28,1,1,2,1,1,1797,13,business,52,Medium-high risk
747,23,0,2,0,1,1,2511,15,car,62,Medium-high risk
748,37,0,1,2,1,1,1274,12,car,37,Medium-low risk
749,26,1,2,2,0,0,5248,21,car,55,Medium-high risk
750,33,1,2,2,1,0,3029,15,car,44,Medium-low risk
751,49,0,2,2,1,1,428,6,furniture/equipment,32,Medium-low risk
752,23,0,1,2,1,1,976,18,car,52,Medium-high risk
753,23,0,1,0,2,2,841,12,business,55,Medium-high risk
754,25,0,2,2,1,0,5771,30,radio/TV,57,Medium-high risk
755,55,1,2,1,4,0,1555,12,repairs,33,Medium-low risk
756,32,0,2,0,0,1,1285,24,car,48,Medium-low risk
757,74,1,0,2,1,3,1299,6,car,49,Medium-low risk
758,39,1,2,1,0,3,1271,15,radio/TV,33,Medium-low risk
759,31,1,2,2,1,0,1393,24,car,39,Medium-low risk
760,35,1,2,2,1,1,691,12,car,32,Medium-low risk
761,59,0,2,2,0,0,5045,15,car,55,Medium-high risk
762,24,0,2,0,1,1,2124,18,furniture/equipment,62,Medium-high risk
763,24,1,1,2,1,1,2214,12,radio/TV,50,Medium-high risk
764,30,1,3,1,0,0,12680,21,car,56,Medium-high risk
765,27,1,2,2,2,0,2463,24,car,46,Medium-low risk
766,40,1,1,2,1,2,1155,12,radio/TV,31,Medium-low risk
767,31,1,1,2,1,1,3108,30,furniture/equipment,52,Medium-high risk
768,31,0,2,0,0,0,2901,10,car,50,Medium-high risk
769,28,1,2,0,1,2,3617,12,furniture/equipment,48,Medium-low risk
770,63,1,1,2,1,0,1655,12,radio/TV,47,Medium-low risk
771,26,0,2,0,0,1,2812,24,car,58,Medium-high risk
772,25,0,3,2,1,1,8065,36,education,63,Medium-high risk
773,36,1,3,2,1,0,3275,21,car,40,Medium-low risk
774,52,1,2,2,2,0,2223,24,radio/TV,44,Medium-low risk
775,66,1,0,1,3,3,1480,12,car,43,Medium-low risk
776,25,0,2,0,0,1,1371,24,car,53,Medium-high risk
777,37,1,2,2,1,0,3535,36,car,49,Medium-low risk
778,25,0,2,2,1,1,3509,18,radio/TV,45,Medium-low risk
779,38,1,3,2,4,0,5711,36,car,41,Medium-low risk
780,67,0,2,2,1,2,3872,18,repairs,46,Medium-low risk
781,25,1,2,2,1,2,4933,39,radio/TV,51,Medium-high risk
782,60,1,2,2,4,0,1940,24,car,35,Medium-low risk
783,31,1,1,2,1,2,1410,12,education,38,Medium-low risk
784,23,0,1,2,2,2,836,12,car,40,Medium-low risk
785,60,1,3,2,0,2,6468,20,car,45,Medium-low risk
786,35,1,1,2,4,2,1941,18,business,34,Medium-low risk
787,40,1,2,2,3,0,2675,22,radio/TV,36,Medium-low risk
788,38,1,2,2,0,0,2751,48,car,55,Medium-high risk
789,50,1,2,1,1,2,6224,48,education,63,Medium-high risk
790,27,1,2,2,1,1,5998,40,education,67,Medium-high risk
791,39,0,2,2,1,2,1188,21,business,38,Medium-low risk
792,41,1,3,2,0,0,6313,24,car,46,Medium-low risk
793,27,1,2,2,0,0,1221,6,furniture/equipment,40,Medium-low risk
794,51,1,2,1,1,3,2892,24,furniture/equipment,44,Medium-low risk
795,32,1,2,0,3,0,3062,24,furniture/equipment,48,Medium-low risk
796,22,0,2,0,2,0,2301,9,furniture/equipment,56,Medium-high risk
797,51,1,2,1,0,1,7511,18,car,58,Medium-high risk
798,22,0,1,0,1,0,1258,12,furniture/equipment,59,Medium-high risk
799,54,1,2,2,0,0,717,24,car,45,Medium-low risk
800,35,1,0,2,0,2,1549,9,car,39,Medium-low risk
801,54,1,2,1,1,0,1597,24,education,54,Medium-high risk
802,48,0,1,0,1,2,1795,18,radio/TV,46,Medium-low risk
803,24,0,2,2,1,1,4272,20,furniture/equipment,52,Medium-high risk
804,35,1,2,2,0,0,976,12,radio/TV,33,Medium-low risk
805,24,0,0,0,0,2,7472,12,car,69,Medium-high risk
806,24,1,2,2,1,1,9271,36,car,67,Medium-high risk
807,26,1,1,2,1,2,590,6,radio/TV,36,Medium-low risk
808,65,1,2,2,0,0,930,12,radio/TV,43,Medium-low risk
809,55,1,3,1,1,2,9283,42,car,64,Medium-high risk
810,26,0,0,0,1,2,1778,15,car,58,Medium-high risk
811,26,1,2,2,1,2,907,8,business,38,Medium-low risk
812,28,1,1,2,1,2,484,6,radio/TV,36,Medium-low risk
813,24,1,2,2,1,1,9629,36,car,67,Medium-high risk
814,54,1,2,2,1,1,3051,48,domestic appliances,55,Medium-high risk
815,46,1,2,1,1,1,3931,48,car,57,Medium-high risk
816,54,0,2,0,1,2,7432,36,car,63,Medium-high risk
817,62,1,2,2,3,0,1338,6,domestic appliances,36,Medium-low risk
818,24,0,2,0,1,0,1554,6,radio/TV,52,Medium-high risk
819,43,1,3,2,1,1,15857,36,vacation/others,51,Medium-high risk
820,26,1,2,2,1,1,1345,18,radio/TV,40,Medium-low risk
821,27,1,2,2,1,0,1101,12,car,39,Medium-low risk
822,24,1,2,2,1,3,3016,12,radio/TV,37,Medium-low risk
823,41,1,2,2,1,1,2712,36,furniture/equipment,47,Medium-low risk
824,47,1,1,2,1,1,731,8,car,37,Medium-low risk
825,35,1,3,2,1,0,3780,18,furniture/equipment,40,Medium-low risk
826,30,1,2,2,1,1,1602,21,car,37,Medium-low risk
827,33,0,2,0,1,1,3966,18,car,52,Medium-high risk
828,36,1,2,2,1,0,4165,18,business,49,Medium-low risk
829,47,1,2,1,0,1,8335,36,car,63,Medium-high risk
830,38,1,2,1,0,2,6681,48,business,64,Medium-high risk
831,44,1,2,2,3,0,2375,24,business,43,Medium-low risk
832,23,0,2,0,1,1,1216,18,car,57,Medium-high risk
833,29,1,2,0,1,1,11816,45,business,82,High risk
834,42,0,2,2,0,2,5084,24,radio/TV,42,Medium-low risk
835,25,0,1,2,1,3,2327,15,radio/TV,42,Medium-low risk
836,48,1,2,2,1,1,1082,12,car,32,Medium-low risk
837,21,0,2,2,0,0,886,12,radio/TV,43,Medium-low risk
838,23,0,1,0,1,0,601,4,furniture/equipment,59,Medium-high risk
839,63,1,2,2,1,1,2957,24,car,52,Medium-high risk
840,46,1,2,2,1,0,2611,24,radio/TV,42,Medium-low risk
841,29,1,2,2,1,1,5179,36,furniture/equipment,57,Medium-high risk
842,28,1,1,2,1,0,2993,21,car,54,Medium-high risk
843,23,0,2,2,1,0,1943,18,repairs,47,Medium-low risk
844,50,1,2,2,1,0,1559,24,business,44,Medium-low risk
845,47,1,2,2,1,0,3422,18,furniture/equipment,44,Medium-low risk
846,35,1,2,2,0,2,3976,21,furniture/equipment,39,Medium-low risk
847,68,1,2,0,0,0,6761,18,car,70,High risk
848,28,1,2,2,1,0,1249,24,car,44,Medium-low risk
849,59,1,2,2,1,1,1364,9,radio/TV,35,Medium-low risk
850,57,1,1,2,1,1,709,12,radio/TV,40,Medium-low risk
851,33,1,2,0,1,1,2235,20,car,52,Medium-high risk
852,43,1,2,2,0,0,4042,24,car,45,Medium-low risk
853,35,1,2,1,1,0,1471,15,radio/TV,42,Medium-low risk
854,32,1,1,1,1,1,1442,18,car,47,Medium-low risk
855,45,1,2,2,1,0,10875,36,car,59,Medium-high risk
856,33,1,2,2,2,0,1474,24,car,36,Medium-low risk
857,40,0,2,2,0,0,894,10,education,40,Medium-low risk
858,28,1,2,1,1,0,3343,15,furniture/equipment,54,Medium-high risk
859,29,0,2,2,1,1,3959,15,car,47,Medium-low risk
860,26,1,2,0,2,0,3577,9,car,51,Medium-high risk
861,27,1,2,2,4,0,5804,24,car,45,Medium-low risk
862,28,1,2,2,1,0,2169,18,business,54,Medium-high risk
863,35,0,2,2,1,1,2439,24,radio/TV,40,Medium-low risk
864,32,1,1,2,4,0,4526,27,furniture/equipment,45,Medium-low risk
865,25,1,1,0,1,0,2210,10,furniture/equipment,59,Medium-high risk
866,20,0,2,0,3,0,2221,15,furniture/equipment,58,Medium-high risk
867,27,0,2,2,1,1,2389,18,radio/TV,45,Medium-low risk
868,42,1,2,2,1,0,3331,12,furniture/equipment,39,Medium-low risk
869,37,1,2,2,0,0,7409,36,business,60,Medium-high risk
870,24,0,2,0,1,1,652,12,furniture/equipment,52,Medium-high risk
871,40,0,2,2,3,0,7678,36,furniture/equipment,48,Medium-low risk
872,46,1,2,2,1,3,1343,6,car,24,Low risk
873,26,1,2,2,2,1,1382,24,business,44,Medium-low risk
874,24,0,2,2,0,0,874,15,domestic appliances,48,Medium-low risk
875,29,1,1,2,1,1,3590,12,furniture/equipment,47,Medium-low risk
876,40,0,2,2,4,2,1322,11,car,19,Low risk
877,36,1,3,1,1,1,1940,18,radio/TV,36,Medium-low risk
878,28,1,2,2,1,0,3595,36,radio/TV,52,Medium-high risk
879,27,1,3,1,1,1,1422,9,car,38,Medium-low risk
880,36,1,2,2,0,0,6742,30,radio/TV,53,Medium-high risk
881,38,1,3,2,1,0,7814,24,car,45,Medium-low risk
882,48,1,2,1,0,0,9277,24,car,60,Medium-high risk
883,36,1,2,2,0,2,2181,30,car,44,Medium-low risk
884,65,0,0,2,1,0,1098,18,radio/TV,57,Medium-high risk
885,43,1,2,2,1,2,4057,24,furniture/equipment,38,Medium-low risk
886,53,0,2,2,1,1,795,12,education,42,Medium-low risk
887,34,1,2,2,0,2,2825,24,business,44,Medium-low risk
888,23,1,2,2,1,2,15672,48,business,73,High risk
889,34,1,3,2,1,0,6614,36,car,50,Medium-high risk
890,40,1,2,0,0,0,7824,28,car,65,Medium-high risk
891,43,1,3,2,1,1,2442,27,business,48,Medium-low risk
892,46,1,2,2,1,0,1829,15,radio/TV,37,Medium-low risk
893,38,1,1,2,1,1,2171,12,car,42,Medium-low risk
894,34,1,2,2,1,2,5800,36,car,48,Medium-low risk
895,29,1,2,2,0,0,1169,18,radio/TV,43,Medium-low risk
896,31,1,3,2,0,0,8947,36,car,56,Medium-high risk
897,28,0,3,0,1,1,2606,21,radio/TV,51,Medium-high risk
898,35,0,2,2,4,0,1592,12,furniture/equipment,25,Low risk
899,33,0,1,0,0,0,2186,15,furniture/equipment,60,Medium-high risk
900,42,1,2,2,1,1,4153,18,furniture/equipment,42,Medium-low risk
901,43,1,2,0,1,1,2625,16,car,52,Medium-high risk
902,44,1,2,2,0,0,3485,20,car,45,Medium-low risk
903,42,1,2,1,0,0,10477,36,car,65,Medium-high risk
904,40,1,2,0,0,0,1386,15,radio/TV,48,Medium-low risk
905,36,1,3,2,1,0,1278,24,radio/TV,33,Medium-low risk
906,20,1,3,0,1,1,1107,12,radio/TV,46,Medium-low risk
907,24,1,1,2,0,1,3763,21,car,58,Medium-high risk
908,27,1,2,2,0,2,3711,36,education,54,Medium-high risk
909,46,0,1,2,1,0,3594,15,car,49,Medium-low risk
910,33,0,1,2,0,2,3195,9,car,39,Medium-low risk
911,34,0,2,2,1,0,4454,36,radio/TV,47,Medium-low risk
912,25,0,1,2,1,2,4736,24,furniture/equipment,48,Medium-low risk
913,25,0,2,2,0,2,2991,30,radio/TV,47,Medium-low risk
914,28,1,2,2,4,0,2142,11,business,40,Medium-low risk
915,31,1,2,0,1,1,3161,24,business,57,Medium-high risk
916,32,0,3,2,1,2,18424,48,vacation/others,52,Medium-high risk
917,32,1,2,2,2,0,2848,10,car,36,Medium-low risk
918,68,1,3,2,1,1,14896,6,car,53,Medium-high risk
919,33,1,2,2,2,1,2359,24,furniture/equipment,39,Medium-low risk
920,39,1,3,0,1,1,3345,24,furniture/equipment,48,Medium-low risk
921,28,0,2,2,1,0,1817,18,furniture/equipment,44,Medium-low risk
922,37,1,3,2,3,0,12749,48,radio/TV,52,Medium-high risk
923,22,0,2,0,1,1,1366,9,radio/TV,50,Medium-high risk
924,30,1,2,0,1,2,2002,12,car,43,Medium-low risk
925,55,1,2,2,1,1,6872,24,furniture/equipment,52,Medium-high risk
926,46,1,2,2,1,1,697,12,car,32,Medium-low risk
927,21,0,2,0,1,1,1049,18,furniture/equipment,57,Medium-high risk
928,39,1,2,1,1,1,10297,48,car,67,Medium-high risk
929,58,1,2,2,0,0,1867,30,radio/TV,48,Medium-low risk
930,43,1,1,2,1,1,1344,12,car,37,Medium-low risk
931,24,1,1,2,1,1,1747,24,furniture/equipment,52,Medium-high risk
932,22,0,2,2,1,2,1670,9,radio/TV,36,Medium-low risk
933,30,1,2,2,1,0,1224,9,car,34,Medium-low risk
934,42,1,2,2,3,0,522,12,radio/TV,26,Low risk
935,23,0,2,2,1,1,1498,12,radio/TV,40,Medium-low risk
936,30,1,3,2,2,2,1919,30,radio/TV,29,Low risk
937,28,0,1,2,1,3,745,9,radio/TV,32,Medium-low risk
938,30,1,3,0,1,2,2063,6,radio/TV,37,Medium-low risk
939,42,1,2,1,1,2,6288,60,education,63,Medium-high risk
940,46,1,3,2,0,0,6842,24,car,46,Medium-low risk
941,45,1,3,2,0,0,3527,12,car,36,Medium-low risk
942,31,1,1,2,1,0,1546,10,car,39,Medium-low risk
943,31,1,2,2,0,0,929,24,furniture/equipment,40,Medium-low risk
944,42,1,1,2,1,0,1455,4,car,39,Medium-low risk
945,46,0,2,0,1,1,1845,15,furniture/equipment,47,Medium-low risk
946,30,0,2,2,3,2,8358,48,car,52,Medium-high risk
947,30,1,2,1,3,1,3349,24,furniture/equipment,41,Medium-low risk
948,38,1,3,2,0,0,2859,12,car,36,Medium-low risk
949,43,1,1,2,1,0,1533,18,furniture/equipment,44,Medium-low risk
950,31,1,2,2,2,0,3621,24,radio/TV,39,Medium-low risk
951,40,1,0,2,1,2,3590,18,business,53,Medium-high risk
952,24,1,2,2,1,1,2145,36,business,62,Medium-high risk
953,28,0,2,0,3,2,4113,24,car,47,Medium-low risk
954,26,0,3,2,1,0,10974,36,furniture/equipment,60,Medium-high risk
955,29,0,2,2,1,1,1893,12,car,37,Medium-low risk
956,57,0,3,0,4,1,1231,24,radio/TV,37,Medium-low risk
957,49,1,1,2,0,3,3656,30,radio/TV,43,Medium-low risk
958,37,1,1,2,1,2,1154,9,radio/TV,31,Medium-low risk
959,45,1,1,2,1,1,4006,28,car,52,Medium-high risk
960,30,1,2,1,2,2,3069,24,furniture/equipment,40,Medium-low risk
961,30,1,2,0,1,0,1740,6,radio/TV,42,Medium-low risk
962,47,1,2,2,1,2,2353,21,car,38,Medium-low risk
963,29,1,2,2,0,0,3556,15,car,50,Medium-high risk
964,35,1,2,2,3,0,2397,24,radio/TV,36,Medium-low risk
965,22,1,1,2,1,2,454,6,repairs,41,Medium-low risk
966,26,0,2,2,0,2,1715,30,radio/TV,42,Medium-low risk
967,23,1,1,2,3,2,2520,27,radio/TV,50,Medium-high risk
968,54,0,3,0,1,0,3568,15,radio/TV,53,Medium-high risk
969,29,1,2,0,0,0,7166,42,radio/TV,73,High risk
970,40,1,1,2,1,1,3939,11,car,42,Medium-low risk
971,22,1,2,2,2,2,1514,15,repairs,38,Medium-low risk
972,43,1,1,2,1,0,7393,24,car,54,Medium-high risk
973,29,0,0,0,1,1,1193,24,car,62,Medium-high risk
974,36,1,2,0,1,1,7297,60,business,72,High risk
975,33,0,2,2,1,0,2831,30,radio/TV,47,Medium-low risk
976,57,0,1,2,3,3,1258,24,radio/TV,31,Medium-low risk
977,64,0,2,2,1,2,753,6,radio/TV,36,Medium-low risk
978,42,1,2,2,0,2,2427,18,business,44,Medium-low risk
979,47,1,1,2,1,0,2538,24,car,49,Medium-low risk
980,25,1,2,0,2,2,1264,15,car,45,Medium-low risk
981,49,1,2,2,1,2,8386,30,furniture/equipment,53,Medium-high risk
982,33,1,3,0,1,0,4844,48,business,65,Medium-high risk
983,28,0,3,2,2,3,2923,21,car,32,Medium-low risk
984,26,1,2,2,1,1,8229,36,car,62,Medium-high risk
985,30,1,1,2,1,0,2028,24,furniture/equipment,49,Medium-low risk
986,25,0,2,0,1,1,1433,15,furniture/equipment,52,Medium-high risk
987,33,1,2,2,1,3,6289,42,business,54,Medium-high risk
988,64,0,2,2,2,0,1409,13,radio/TV,44,Medium-low risk
989,29,1,3,1,1,1,6579,24,car,53,Medium-high risk
990,48,1,1,2,1,2,1743,24,radio/TV,36,Medium-low risk
991,37,1,1,2,0,0,3565,12,education,50,Medium-high risk
992,34,1,1,2,2,0,1569,15,radio/TV,39,Medium-low risk
993,23,1,1,0,0,1,1936,18,radio/TV,61,Medium-high risk
994,30,1,3,2,1,1,3959,36,furniture/equipment,43,Medium-low risk
995,50,1,2,2,0,0,2390,12,car,40,Medium-low risk
996,31,0,1,2,1,0,1736,12,furniture/equipment,39,Medium-low risk
997,40,1,3,2,1,1,3857,30,car,43,Medium-low risk
998,38,1,2,2,1,0,804,12,radio/TV,32,Medium-low risk
999,23,1,2,1,1,1,1845,45,radio/TV,60,Medium-high risk
1000,27,1,2,2,2,2,4576,45,car,50,Medium-high risk
